"Event Name";"Currency";"Time";"Date";"Actual";"Forecast";"Previous"
"ISM Manufacturing PMI";"USD";"11:00";"2022-01-04";"58.7";"60.0";"61.1"
"PPI (MoM)";"EUR";"06:00";"2022-01-06";"1.8%";"1.2%";"5.4%"
"PPI (YoY)";"EUR";"06:00";"2022-01-06";"23.7%";"22.9%";"21.9%"
"Exports";"USD";"09:30";"2022-01-06";"224.20B";"";"223.60B"
"Imports";"USD";"09:30";"2022-01-06";"304.40B";"";"290.70B"
"Initial Jobless Claims";"USD";"09:30";"2022-01-06";"207K";"197K";"200K"
"ISM Non-Manufacturing PMI";"USD";"11:00";"2022-01-06";"62.0";"66.9";"69.1"
"Consumer Confidence";"EUR";"06:00";"2022-01-07";"-8.3";"-8.3";"-6.8"
"Core CPI (MoM)";"EUR";"06:00";"2022-01-07";"0.4%";"";"0.0%"
"Core CPI (YoY)";"EUR";"06:00";"2022-01-07";"2.6%";"2.5%";"2.6%"
"CPI (YoY)";"EUR";"06:00";"2022-01-07";"5.0%";"4.7%";"4.9%"
"CPI (MoM)";"EUR";"06:00";"2022-01-07";"0.4%";"";"0.4%"
"Retail Sales (MoM)";"EUR";"06:00";"2022-01-07";"1.0%";"-0.5%";"0.3%"
"Retail Sales (YoY)";"EUR";"06:00";"2022-01-07";"7.8%";"5.6%";"1.7%"
"Nonfarm Payrolls";"USD";"09:30";"2022-01-07";"199K";"400K";"249K"
"Unemployment Rate";"USD";"09:30";"2022-01-07";"3.9%";"4.1%";"4.2%"
"Unemployment Rate";"EUR";"06:00";"2022-01-10";"7.2%";"7.2%";"7.3%"
"Core CPI (MoM)";"USD";"09:30";"2022-01-12";"0.6%";"0.5%";"0.5%"
"Core CPI (YoY)";"USD";"09:30";"2022-01-12";"5.5%";"5.4%";"4.9%"
"CPI (YoY)";"USD";"09:30";"2022-01-12";"7.0%";"7.0%";"6.8%"
"CPI (MoM)";"USD";"09:30";"2022-01-12";"0.5%";"0.4%";"0.8%"
"CPI (MoM)";"USD";"12:00";"2022-01-12";"0.4%";"";"0.5%"
"Core PPI (MoM)";"USD";"09:30";"2022-01-13";"0.5%";"0.5%";"0.9%"
"Core PPI (YoY)";"USD";"09:30";"2022-01-13";"8.3%";"8.0%";"7.9%"
"Initial Jobless Claims";"USD";"09:30";"2022-01-13";"230K";"200K";"207K"
"PPI (YoY)";"USD";"09:30";"2022-01-13";"9.7%";"9.8%";"9.8%"
"PPI (MoM)";"USD";"09:30";"2022-01-13";"0.2%";"0.4%";"1.0%"
"Retail Sales (MoM)";"USD";"09:30";"2022-01-14";"-2.3%";"0.2%";"0.1%"
"Retail Sales (YoY)";"USD";"09:30";"2022-01-14";"16.95%";"";"18.24%"
"Retail Sales (MoM)";"USD";"09:30";"2022-01-14";"-1.9%";"-0.1%";"0.2%"
"Core CPI (YoY)";"EUR";"06:00";"2022-01-20";"2.6%";"2.6%";"2.6%"
"Core CPI (MoM)";"EUR";"06:00";"2022-01-20";"0.4%";"0.4%";"0.0%"
"CPI (YoY)";"EUR";"06:00";"2022-01-20";"5.0%";"5.0%";"4.9%"
"CPI (MoM)";"EUR";"06:00";"2022-01-20";"0.4%";"0.4%";"0.4%"
"Initial Jobless Claims";"USD";"09:30";"2022-01-20";"286K";"220K";"231K"
"Existing Home Sales";"USD";"11:00";"2022-01-20";"6.18M";"6.44M";"6.48M"
"Existing Home Sales (MoM)";"USD";"11:00";"2022-01-20";"-4.6%";"";"2.2%"
"Consumer Confidence";"EUR";"11:00";"2022-01-21";"-8.5";"-9.0";"-8.4"
"Consumer Confidence";"USD";"11:00";"2022-01-25";"113.8";"111.8";"115.2"
"Interest Rate Decision";"USD";"15:00";"2022-01-26";"0.25%";"0.25%";"0.25%"
"GDP (QoQ)";"USD";"09:30";"2022-01-27";"6.9%";"5.5%";"2.3%"
"Initial Jobless Claims";"USD";"09:30";"2022-01-27";"260K";"260K";"290K"
"Consumer Confidence";"EUR";"06:00";"2022-01-28";"-8.5";"-8.5";"-8.4"
"GDP (QoQ)";"EUR";"06:00";"2022-01-31";"0.3%";"0.3%";"2.2%"
"Unemployment Rate";"EUR";"06:00";"2022-02-01";"7.0%";"7.1%";"7.1%"
"ISM Manufacturing PMI";"USD";"11:00";"2022-02-01";"57.6";"57.5";"58.8"
"Core CPI (MoM)";"EUR";"06:00";"2022-02-02";"1.6%";"";"0.4%"
"Core CPI (YoY)";"EUR";"06:00";"2022-02-02";"2.3%";"";"2.6%"
"CPI (MoM)";"EUR";"06:00";"2022-02-02";"0.3%";"";"0.4%"
"CPI (YoY)";"EUR";"06:00";"2022-02-02";"5.1%";"4.4%";"5.0%"
"PPI (MoM)";"EUR";"06:00";"2022-02-03";"2.9%";"2.8%";"1.8%"
"PPI (YoY)";"EUR";"06:00";"2022-02-03";"26.2%";"26.1%";"23.7%"
"Interest Rate Decision";"EUR";"08:45";"2022-02-03";"0.00%";"0.00%";"0.00%"
"Initial Jobless Claims";"USD";"09:30";"2022-02-03";"238K";"245K";"261K"
"ISM Non-Manufacturing PMI";"USD";"11:00";"2022-02-03";"59.9";"59.5";"62.3"
"Retail Sales (MoM)";"EUR";"06:00";"2022-02-04";"-3.0%";"-0.5%";"1.0%"
"Retail Sales (YoY)";"EUR";"06:00";"2022-02-04";"2.0%";"5.1%";"8.2%"
"Nonfarm Payrolls";"USD";"09:30";"2022-02-04";"467K";"150K";"510K"
"Unemployment Rate";"USD";"09:30";"2022-02-04";"4.0%";"3.9%";"3.9%"
"Exports";"USD";"09:30";"2022-02-08";"228.10B";"";"224.70B"
"Imports";"USD";"09:30";"2022-02-08";"308.90B";"";"304.00B"
"Core CPI (MoM)";"USD";"09:30";"2022-02-10";"0.6%";"0.5%";"0.6%"
"Core CPI (YoY)";"USD";"09:30";"2022-02-10";"6.0%";"5.9%";"5.5%"
"CPI (YoY)";"USD";"09:30";"2022-02-10";"7.5%";"7.3%";"7.0%"
"CPI (MoM)";"USD";"09:30";"2022-02-10";"0.6%";"0.5%";"0.6%"
"Initial Jobless Claims";"USD";"09:30";"2022-02-10";"223K";"230K";"239K"
"CPI (MoM)";"USD";"12:00";"2022-02-10";"0.6%";"";"0.4%"
"GDP (QoQ)";"EUR";"06:00";"2022-02-15";"0.3%";"0.3%";"2.2%"
"Core PPI (YoY)";"USD";"09:30";"2022-02-15";"8.3%";"7.9%";"8.5%"
"Core PPI (MoM)";"USD";"09:30";"2022-02-15";"0.8%";"0.5%";"0.6%"
"PPI (YoY)";"USD";"09:30";"2022-02-15";"9.7%";"9.1%";"9.8%"
"PPI (MoM)";"USD";"09:30";"2022-02-15";"1.0%";"0.5%";"0.4%"
"Retail Sales (MoM)";"USD";"09:30";"2022-02-16";"3.3%";"0.8%";"-2.8%"
"Retail Sales (YoY)";"USD";"09:30";"2022-02-16";"12.96%";"";"16.71%"
"Retail Sales (MoM)";"USD";"09:30";"2022-02-16";"3.8%";"2.0%";"-2.5%"
"Initial Jobless Claims";"USD";"09:30";"2022-02-17";"248K";"219K";"225K"
"Existing Home Sales";"USD";"11:00";"2022-02-18";"6.50M";"6.10M";"6.09M"
"Existing Home Sales (MoM)";"USD";"11:00";"2022-02-18";"6.7%";"-1.0%";"-3.8%"
"Consumer Confidence";"EUR";"11:00";"2022-02-18";"-8.8";"-8.0";"-8.5"
"Consumer Confidence";"USD";"11:00";"2022-02-22";"110.5";"110.0";"111.1"
"Core CPI (YoY)";"EUR";"06:00";"2022-02-23";"2.3%";"2.3%";"2.6%"
"Core CPI (MoM)";"EUR";"06:00";"2022-02-23";"-0.9%";"-0.8%";"-0.8%"
"CPI (YoY)";"EUR";"06:00";"2022-02-23";"5.1%";"5.1%";"5.1%"
"CPI (MoM)";"EUR";"06:00";"2022-02-23";"0.3%";"0.3%";"0.4%"
"GDP (QoQ)";"USD";"09:30";"2022-02-24";"7.0%";"7.0%";"6.9%"
"Initial Jobless Claims";"USD";"09:30";"2022-02-24";"232K";"235K";"249K"
"Consumer Confidence";"EUR";"06:00";"2022-02-25";"-8.8";"-8.8";"-8.8"
"ISM Manufacturing PMI";"USD";"11:00";"2022-03-01";"58.6";"58.0";"57.6"
"Core CPI (MoM)";"EUR";"06:00";"2022-03-02";"0.5%";"";"-0.9%"
"Core CPI (YoY)";"EUR";"06:00";"2022-03-02";"2.7%";"2.5%";"2.3%"
"CPI (MoM)";"EUR";"06:00";"2022-03-02";"0.9%";"";"0.3%"
"CPI (YoY)";"EUR";"06:00";"2022-03-02";"5.8%";"5.3%";"5.1%"
"PPI (YoY)";"EUR";"06:00";"2022-03-03";"30.6%";"26.9%";"26.3%"
"PPI (MoM)";"EUR";"06:00";"2022-03-03";"5.2%";"2.3%";"3.0%"
"Unemployment Rate";"EUR";"06:00";"2022-03-03";"6.8%";"7.0%";"7.0%"
"Initial Jobless Claims";"USD";"09:30";"2022-03-03";"215K";"226K";"233K"
"ISM Non-Manufacturing PMI";"USD";"11:00";"2022-03-03";"56.5";"61.0";"59.9"
"Retail Sales (YoY)";"EUR";"06:00";"2022-03-04";"7.8%";"9.5%";"2.1%"
"Retail Sales (MoM)";"EUR";"06:00";"2022-03-04";"0.2%";"1.5%";"-2.7%"
"Nonfarm Payrolls";"USD";"09:30";"2022-03-04";"678K";"400K";"481K"
"Unemployment Rate";"USD";"09:30";"2022-03-04";"3.8%";"3.9%";"4.0%"
"GDP (QoQ)";"EUR";"06:00";"2022-03-08";"0.3%";"0.3%";"2.2%"
"Exports";"USD";"09:30";"2022-03-08";"224.40B";"";"228.35B"
"Imports";"USD";"09:30";"2022-03-08";"314.09B";"";"310.30B"
"Interest Rate Decision";"EUR";"08:45";"2022-03-10";"0.00%";"0.00%";"0.00%"
"Core CPI (YoY)";"USD";"09:30";"2022-03-10";"6.4%";"5.9%";"6.0%"
"Core CPI (MoM)";"USD";"09:30";"2022-03-10";"0.5%";"0.5%";"0.6%"
"CPI (YoY)";"USD";"09:30";"2022-03-10";"7.9%";"7.9%";"7.5%"
"CPI (MoM)";"USD";"09:30";"2022-03-10";"0.8%";"0.8%";"0.6%"
"Initial Jobless Claims";"USD";"09:30";"2022-03-10";"227K";"217K";"216K"
"CPI (MoM)";"USD";"11:00";"2022-03-10";"0.5%";"";"0.6%"
"Core PPI (YoY)";"USD";"08:30";"2022-03-15";"8.4%";"8.7%";"8.5%"
"Core PPI (MoM)";"USD";"08:30";"2022-03-15";"0.2%";"0.6%";"1.0%"
"PPI (MoM)";"USD";"08:30";"2022-03-15";"0.8%";"0.9%";"1.2%"
"PPI (YoY)";"USD";"08:30";"2022-03-15";"10.0%";"10.0%";"10.0%"
"Retail Sales (MoM)";"USD";"08:30";"2022-03-16";"0.2%";"0.9%";"4.4%"
"Retail Sales (MoM)";"USD";"08:30";"2022-03-16";"0.3%";"0.4%";"4.9%"
"Retail Sales (YoY)";"USD";"08:30";"2022-03-16";"17.62%";"";"14.00%"
"Interest Rate Decision";"USD";"14:00";"2022-03-16";"0.50%";"0.50%";"0.25%"
"Core CPI (MoM)";"EUR";"06:00";"2022-03-17";"0.5%";"0.5%";"0.5%"
"Core CPI (YoY)";"EUR";"06:00";"2022-03-17";"2.7%";"2.7%";"2.7%"
"CPI (YoY)";"EUR";"06:00";"2022-03-17";"5.9%";"5.8%";"5.8%"
"CPI (MoM)";"EUR";"06:00";"2022-03-17";"0.9%";"0.9%";"0.3%"
"Initial Jobless Claims";"USD";"08:30";"2022-03-17";"214K";"220K";"229K"
"Existing Home Sales (MoM)";"USD";"10:00";"2022-03-18";"-7.2%";"-1.0%";"6.6%"
"Existing Home Sales";"USD";"10:00";"2022-03-18";"6.02M";"6.10M";"6.49M"
"Consumer Confidence";"EUR";"11:00";"2022-03-23";"-18.7";"-12.9";"-8.8"
"Initial Jobless Claims";"USD";"08:30";"2022-03-24";"187K";"212K";"215K"
"Consumer Confidence";"USD";"10:00";"2022-03-29";"107.2";"107.0";"105.7"
"Consumer Confidence";"EUR";"05:00";"2022-03-30";"-18.7";"-18.7";"-18.7"
"GDP (QoQ)";"USD";"08:30";"2022-03-30";"6.9%";"7.1%";"7.0%"
"Unemployment Rate";"EUR";"05:00";"2022-03-31";"6.8%";"6.7%";"6.9%"
"Initial Jobless Claims";"USD";"08:30";"2022-03-31";"202K";"197K";"188K"
"Core CPI (YoY)";"EUR";"05:00";"2022-04-01";"3.0%";"3.1%";"2.7%"
"Core CPI (MoM)";"EUR";"05:00";"2022-04-01";"2.5%";"";"0.9%"
"CPI (YoY)";"EUR";"05:00";"2022-04-01";"7.5%";"6.6%";"5.9%"
"CPI (MoM)";"EUR";"05:00";"2022-04-01";"2.5%";"";"0.9%"
"Nonfarm Payrolls";"USD";"08:30";"2022-04-01";"431K";"490K";"750K"
"Unemployment Rate";"USD";"08:30";"2022-04-01";"3.6%";"3.7%";"3.8%"
"ISM Manufacturing PMI";"USD";"10:00";"2022-04-01";"57.1";"59.0";"58.6"
"Exports";"USD";"08:30";"2022-04-05";"228.60B";"";"224.40B"
"Imports";"USD";"08:30";"2022-04-05";"317.80B";"";"313.70B"
"ISM Non-Manufacturing PMI";"USD";"10:00";"2022-04-05";"58.3";"58.4";"56.5"
"PPI (MoM)";"EUR";"05:00";"2022-04-06";"1.1%";"1.3%";"5.1%"
"PPI (YoY)";"EUR";"05:00";"2022-04-06";"31.4%";"31.5%";"30.6%"
"Retail Sales (YoY)";"EUR";"05:00";"2022-04-07";"5.0%";"4.8%";"8.4%"
"Retail Sales (MoM)";"EUR";"05:00";"2022-04-07";"0.3%";"0.6%";"0.2%"
"Initial Jobless Claims";"USD";"08:30";"2022-04-07";"166K";"200K";"171K"
"Core CPI (MoM)";"USD";"08:30";"2022-04-12";"0.3%";"0.5%";"0.5%"
"Core CPI (YoY)";"USD";"08:30";"2022-04-12";"6.5%";"6.6%";"6.4%"
"CPI (MoM)";"USD";"08:30";"2022-04-12";"1.2%";"1.2%";"0.8%"
"CPI (YoY)";"USD";"08:30";"2022-04-12";"8.5%";"8.4%";"7.9%"
"CPI (MoM)";"USD";"11:00";"2022-04-12";"0.5%";"";"0.5%"
"Core PPI (YoY)";"USD";"08:30";"2022-04-13";"9.2%";"8.4%";"8.7%"
"Core PPI (MoM)";"USD";"08:30";"2022-04-13";"1.0%";"0.5%";"0.4%"
"PPI (MoM)";"USD";"08:30";"2022-04-13";"1.4%";"1.1%";"0.9%"
"PPI (YoY)";"USD";"08:30";"2022-04-13";"11.2%";"10.6%";"10.3%"
"Interest Rate Decision";"EUR";"07:45";"2022-04-14";"0.00%";"0.00%";"0.00%"
"Retail Sales (MoM)";"USD";"08:30";"2022-04-14";"1.1%";"1.0%";"0.6%"
"Initial Jobless Claims";"USD";"08:30";"2022-04-14";"185K";"171K";"167K"
"Retail Sales (YoY)";"USD";"08:30";"2022-04-14";"6.88%";"";"18.18%"
"Retail Sales (MoM)";"USD";"08:30";"2022-04-14";"0.5%";"0.6%";"0.8%"
"Existing Home Sales";"USD";"10:00";"2022-04-20";"5.77M";"5.80M";"5.93M"
"Existing Home Sales (MoM)";"USD";"10:00";"2022-04-20";"-2.7%";"";"-8.6%"
"Core CPI (MoM)";"EUR";"05:00";"2022-04-21";"1.2%";"1.2%";"0.5%"
"Core CPI (YoY)";"EUR";"05:00";"2022-04-21";"2.9%";"3.0%";"2.7%"
"CPI (YoY)";"EUR";"05:00";"2022-04-21";"7.4%";"7.5%";"5.9%"
"CPI (MoM)";"EUR";"05:00";"2022-04-21";"2.4%";"2.5%";"0.9%"
"Initial Jobless Claims";"USD";"08:30";"2022-04-21";"184K";"180K";"186K"
"Consumer Confidence";"EUR";"10:00";"2022-04-21";"-16.9";"-20.0";"-18.7"
"Consumer Confidence";"USD";"10:00";"2022-04-26";"107.3";"108.0";"107.6"
"GDP (QoQ)";"USD";"08:30";"2022-04-28";"-1.4%";"1.1%";"6.9%"
"Initial Jobless Claims";"USD";"08:30";"2022-04-28";"180K";"180K";"185K"
"Core CPI (YoY)";"EUR";"05:00";"2022-04-29";"3.5%";"3.2%";"2.9%"
"Core CPI (MoM)";"EUR";"05:00";"2022-04-29";"1.1%";"0.9%";"1.2%"
"CPI (YoY)";"EUR";"05:00";"2022-04-29";"7.5%";"7.5%";"7.4%"
"CPI (MoM)";"EUR";"05:00";"2022-04-29";"0.6%";"1.8%";"2.4%"
"GDP (QoQ)";"EUR";"05:00";"2022-04-29";"0.2%";"0.3%";"0.3%"
"Consumer Confidence";"EUR";"05:00";"2022-05-02";"-22.0";"-16.9";"-21.6"
"ISM Manufacturing PMI";"USD";"10:00";"2022-05-02";"55.4";"57.6";"57.1"
"PPI (YoY)";"EUR";"05:00";"2022-05-03";"36.8%";"36.3%";"31.5%"
"PPI (MoM)";"EUR";"05:00";"2022-05-03";"5.3%";"5.0%";"1.1%"
"Unemployment Rate";"EUR";"05:00";"2022-05-03";"6.8%";"6.7%";"6.9%"
"Retail Sales (MoM)";"EUR";"05:00";"2022-05-04";"-0.4%";"-0.1%";"0.4%"
"Retail Sales (YoY)";"EUR";"05:00";"2022-05-04";"0.8%";"1.4%";"5.2%"
"Exports";"USD";"08:30";"2022-05-04";"241.70B";"";"228.80B"
"Imports";"USD";"08:30";"2022-05-04";"351.50B";"";"318.60B"
"ISM Non-Manufacturing PMI";"USD";"10:00";"2022-05-04";"57.1";"58.5";"58.3"
"Interest Rate Decision";"USD";"14:00";"2022-05-04";"1.00%";"1.00%";"0.50%"
"Initial Jobless Claims";"USD";"08:30";"2022-05-05";"200K";"182K";"181K"
"Nonfarm Payrolls";"USD";"08:30";"2022-05-06";"428K";"391K";"428K"
"Unemployment Rate";"USD";"08:30";"2022-05-06";"3.6%";"3.5%";"3.6%"
"Core CPI (YoY)";"USD";"08:30";"2022-05-11";"6.2%";"6.0%";"6.5%"
"Core CPI (MoM)";"USD";"08:30";"2022-05-11";"0.6%";"0.4%";"0.3%"
"CPI (MoM)";"USD";"08:30";"2022-05-11";"0.3%";"0.2%";"1.2%"
"CPI (YoY)";"USD";"08:30";"2022-05-11";"8.3%";"8.1%";"8.5%"
"CPI (MoM)";"USD";"11:00";"2022-05-11";"0.5%";"";"0.5%"
"Core PPI (YoY)";"USD";"08:30";"2022-05-12";"8.8%";"8.9%";"9.6%"
"Core PPI (MoM)";"USD";"08:30";"2022-05-12";"0.4%";"0.6%";"1.2%"
"Initial Jobless Claims";"USD";"08:30";"2022-05-12";"203K";"195K";"202K"
"PPI (MoM)";"USD";"08:30";"2022-05-12";"0.5%";"0.5%";"1.6%"
"PPI (YoY)";"USD";"08:30";"2022-05-12";"11.0%";"10.7%";"11.5%"
"GDP (QoQ)";"EUR";"05:00";"2022-05-17";"0.3%";"0.2%";"0.2%"
"Retail Sales (MoM)";"USD";"08:30";"2022-05-17";"0.6%";"0.4%";"2.1%"
"Retail Sales (YoY)";"USD";"08:30";"2022-05-17";"8.19%";"";"7.34%"
"Retail Sales (MoM)";"USD";"08:30";"2022-05-17";"0.9%";"0.9%";"1.4%"
"Core CPI (MoM)";"EUR";"05:00";"2022-05-18";"1.0%";"1.1%";"1.1%"
"Core CPI (YoY)";"EUR";"05:00";"2022-05-18";"3.5%";"3.5%";"3.0%"
"CPI (YoY)";"EUR";"05:00";"2022-05-18";"7.4%";"7.5%";"7.5%"
"CPI (MoM)";"EUR";"05:00";"2022-05-18";"0.6%";"0.6%";"2.4%"
"Initial Jobless Claims";"USD";"08:30";"2022-05-19";"218K";"200K";"197K"
"Existing Home Sales";"USD";"10:00";"2022-05-19";"5.61M";"5.65M";"5.75M"
"Existing Home Sales (MoM)";"USD";"10:00";"2022-05-19";"-2.4%";"";"-3.0%"
"Consumer Confidence";"EUR";"10:00";"2022-05-20";"-21.1";"-21.5";"-22.0"
"GDP (QoQ)";"USD";"08:30";"2022-05-26";"-1.5%";"-1.3%";"-1.4%"
"Initial Jobless Claims";"USD";"08:30";"2022-05-26";"210K";"215K";"218K"
"Consumer Confidence";"EUR";"05:00";"2022-05-30";"-21.1";"-21.1";"-22.0"
"Core CPI (YoY)";"EUR";"05:00";"2022-05-31";"3.8%";"";"3.5%"
"Core CPI (MoM)";"EUR";"05:00";"2022-05-31";"0.5%";"";"1.0%"
"CPI (YoY)";"EUR";"05:00";"2022-05-31";"8.1%";"7.7%";"7.4%"
"CPI (MoM)";"EUR";"05:00";"2022-05-31";"0.8%";"0.6%";"0.6%"
"Consumer Confidence";"USD";"10:00";"2022-05-31";"106.4";"103.9";"108.6"
"Unemployment Rate";"EUR";"05:00";"2022-06-01";"6.8%";"6.8%";"6.8%"
"ISM Manufacturing PMI";"USD";"10:00";"2022-06-01";"56.1";"54.5";"55.4"
"PPI (YoY)";"EUR";"05:00";"2022-06-02";"37.2%";"38.5%";"36.9%"
"PPI (MoM)";"EUR";"05:00";"2022-06-02";"1.2%";"2.3%";"5.3%"
"Initial Jobless Claims";"USD";"08:30";"2022-06-02";"200K";"210K";"211K"
"Retail Sales (YoY)";"EUR";"05:00";"2022-06-03";"3.9%";"5.4%";"1.6%"
"Retail Sales (MoM)";"EUR";"05:00";"2022-06-03";"-1.3%";"0.3%";"0.3%"
"Nonfarm Payrolls";"USD";"08:30";"2022-06-03";"390K";"325K";"436K"
"Unemployment Rate";"USD";"08:30";"2022-06-03";"3.6%";"3.5%";"3.6%"
"ISM Non-Manufacturing PMI";"USD";"10:00";"2022-06-03";"55.9";"56.4";"57.1"
"Exports";"USD";"08:30";"2022-06-07";"252.60B";"";"241.70B"
"Imports";"USD";"08:30";"2022-06-07";"339.70B";"";"351.50B"
"GDP (QoQ)";"EUR";"05:00";"2022-06-08";"0.6%";"0.3%";"0.2%"
"Interest Rate Decision";"EUR";"07:45";"2022-06-09";"0.00%";"0.00%";"0.00%"
"Initial Jobless Claims";"USD";"08:30";"2022-06-09";"229K";"210K";"202K"
"Core CPI (MoM)";"USD";"08:30";"2022-06-10";"0.6%";"0.5%";"0.6%"
"Core CPI (YoY)";"USD";"08:30";"2022-06-10";"6.0%";"5.9%";"6.2%"
"CPI (YoY)";"USD";"08:30";"2022-06-10";"8.6%";"8.3%";"8.3%"
"CPI (MoM)";"USD";"08:30";"2022-06-10";"1.0%";"0.7%";"0.3%"
"CPI (MoM)";"USD";"11:00";"2022-06-10";"0.6%";"";"0.5%"
"Core PPI (YoY)";"USD";"08:30";"2022-06-14";"8.3%";"8.6%";"8.6%"
"Core PPI (MoM)";"USD";"08:30";"2022-06-14";"0.5%";"0.6%";"0.2%"
"PPI (MoM)";"USD";"08:30";"2022-06-14";"0.8%";"0.8%";"0.4%"
"PPI (YoY)";"USD";"08:30";"2022-06-14";"10.8%";"10.9%";"10.9%"
"Retail Sales (MoM)";"USD";"08:30";"2022-06-15";"0.5%";"0.8%";"0.4%"
"Retail Sales (MoM)";"USD";"08:30";"2022-06-15";"-0.3%";"0.2%";"0.7%"
"Retail Sales (YoY)";"USD";"08:30";"2022-06-15";"8.09%";"";"7.82%"
"Interest Rate Decision";"USD";"14:00";"2022-06-15";"1.75%";"1.50%";"1.00%"
"Initial Jobless Claims";"USD";"08:30";"2022-06-16";"229K";"215K";"232K"
"Core CPI (YoY)";"EUR";"05:00";"2022-06-17";"3.8%";"3.8%";"3.5%"
"Core CPI (MoM)";"EUR";"05:00";"2022-06-17";"0.5%";"0.5%";"0.5%"
"CPI (MoM)";"EUR";"05:00";"2022-06-17";"0.8%";"0.8%";"0.6%"
"CPI (YoY)";"EUR";"05:00";"2022-06-17";"8.1%";"8.1%";"7.4%"
"Existing Home Sales";"USD";"10:00";"2022-06-21";"5.41M";"5.39M";"5.60M"
"Existing Home Sales (MoM)";"USD";"10:00";"2022-06-21";"-3.4%";"";"-2.6%"
"Consumer Confidence";"EUR";"10:00";"2022-06-22";"-23.6";"-20.5";"-21.2"
"Initial Jobless Claims";"USD";"08:30";"2022-06-23";"229K";"227K";"231K"
"Consumer Confidence";"USD";"10:00";"2022-06-28";"98.7";"100.4";"103.2"
"Consumer Confidence";"EUR";"05:00";"2022-06-29";"-23.6";"-23.6";"-23.6"
"GDP (QoQ)";"USD";"08:30";"2022-06-29";"-1.6%";"-1.5%";"-1.5%"
"Unemployment Rate";"EUR";"05:00";"2022-06-30";"6.6%";"6.8%";"6.7%"
"Initial Jobless Claims";"USD";"08:30";"2022-06-30";"231K";"228K";"233K"
"Core CPI (MoM)";"EUR";"05:00";"2022-07-01";"0.2%";"";"0.5%"
"Core CPI (YoY)";"EUR";"05:00";"2022-07-01";"3.7%";"";"3.8%"
"CPI (YoY)";"EUR";"05:00";"2022-07-01";"8.6%";"8.4%";"8.1%"
"CPI (MoM)";"EUR";"05:00";"2022-07-01";"0.8%";"";"0.8%"
"ISM Manufacturing PMI";"USD";"10:00";"2022-07-01";"53.0";"54.9";"56.1"
"PPI (YoY)";"EUR";"05:00";"2022-07-04";"36.3%";"36.7%";"37.2%"
"PPI (MoM)";"EUR";"05:00";"2022-07-04";"0.7%";"1.0%";"1.2%"
"Retail Sales (MoM)";"EUR";"05:00";"2022-07-06";"0.2%";"0.4%";"-1.4%"
"Retail Sales (YoY)";"EUR";"05:00";"2022-07-06";"0.2%";"-0.4%";"4.0%"
"ISM Non-Manufacturing PMI";"USD";"10:00";"2022-07-06";"55.3";"54.3";"55.9"
"Exports";"USD";"08:30";"2022-07-07";"255.90B";"";"252.60B"
"Imports";"USD";"08:30";"2022-07-07";"341.40B";"";"339.70B"
"Initial Jobless Claims";"USD";"08:30";"2022-07-07";"235K";"230K";"231K"
"Nonfarm Payrolls";"USD";"08:30";"2022-07-08";"372K";"268K";"384K"
"Unemployment Rate";"USD";"08:30";"2022-07-08";"3.6%";"3.6%";"3.6%"
"Core CPI (MoM)";"USD";"08:30";"2022-07-13";"0.7%";"0.6%";"0.6%"
"Core CPI (YoY)";"USD";"08:30";"2022-07-13";"5.9%";"5.7%";"6.0%"
"CPI (MoM)";"USD";"08:30";"2022-07-13";"1.3%";"1.1%";"1.0%"
"CPI (YoY)";"USD";"08:30";"2022-07-13";"9.1%";"8.8%";"8.6%"
"CPI (MoM)";"USD";"11:00";"2022-07-13";"0.7%";"";"0.6%"
"Core PPI (MoM)";"USD";"08:30";"2022-07-14";"0.4%";"0.5%";"0.6%"
"Core PPI (YoY)";"USD";"08:30";"2022-07-14";"8.2%";"8.1%";"8.5%"
"Initial Jobless Claims";"USD";"08:30";"2022-07-14";"244K";"235K";"235K"
"PPI (MoM)";"USD";"08:30";"2022-07-14";"1.1%";"0.8%";"0.9%"
"PPI (YoY)";"USD";"08:30";"2022-07-14";"11.3%";"10.7%";"10.9%"
"Retail Sales (MoM)";"USD";"08:30";"2022-07-15";"1.0%";"0.6%";"0.6%"
"Retail Sales (MoM)";"USD";"08:30";"2022-07-15";"1.0%";"0.8%";"-0.1%"
"Retail Sales (YoY)";"USD";"08:30";"2022-07-15";"8.42%";"";"8.18%"
"Core CPI (YoY)";"EUR";"05:00";"2022-07-19";"3.7%";"3.7%";"3.8%"
"Core CPI (MoM)";"EUR";"05:00";"2022-07-19";"0.2%";"0.2%";"0.5%"
"CPI (MoM)";"EUR";"05:00";"2022-07-19";"0.8%";"0.8%";"0.8%"
"CPI (YoY)";"EUR";"05:00";"2022-07-19";"8.6%";"8.6%";"8.1%"
"Existing Home Sales (MoM)";"USD";"10:00";"2022-07-20";"-5.4%";"";"-3.4%"
"Existing Home Sales";"USD";"10:00";"2022-07-20";"5.12M";"5.38M";"5.41M"
"Consumer Confidence";"EUR";"10:00";"2022-07-20";"-27.0";"-24.9";"-23.8"
"Interest Rate Decision";"EUR";"08:15";"2022-07-21";"0.50%";"0.25%";"0.00%"
"Initial Jobless Claims";"USD";"08:30";"2022-07-21";"251K";"240K";"244K"
"Consumer Confidence";"USD";"10:00";"2022-07-26";"95.7";"97.2";"98.4"
"Interest Rate Decision";"USD";"14:00";"2022-07-27";"2.50%";"2.50%";"1.75%"
"Consumer Confidence";"EUR";"05:00";"2022-07-28";"-27.0";"-27.0";"-23.8"
"GDP (QoQ)";"USD";"08:30";"2022-07-28";"-0.9%";"0.5%";"-1.6%"
"Initial Jobless Claims";"USD";"08:30";"2022-07-28";"256K";"253K";"261K"
"CPI (YoY)";"EUR";"05:00";"2022-07-29";"8.9%";"8.6%";"8.6%"
"CPI (MoM)";"EUR";"05:00";"2022-07-29";"0.1%";"-0.1%";"0.8%"
"GDP (QoQ)";"EUR";"05:00";"2022-07-29";"0.7%";"0.2%";"0.6%"
"Unemployment Rate";"EUR";"05:00";"2022-08-01";"6.6%";"6.6%";"6.6%"
"ISM Manufacturing PMI";"USD";"10:00";"2022-08-01";"52.8";"52.0";"53.0"
"PPI (MoM)";"EUR";"05:00";"2022-08-03";"1.1%";"1.0%";"0.5%"
"PPI (YoY)";"EUR";"05:00";"2022-08-03";"35.8%";"35.7%";"36.2%"
"Retail Sales (YoY)";"EUR";"05:00";"2022-08-03";"-3.7%";"-1.7%";"0.4%"
"Retail Sales (MoM)";"EUR";"05:00";"2022-08-03";"-1.2%";"0.1%";"0.4%"
"ISM Non-Manufacturing PMI";"USD";"10:00";"2022-08-03";"56.7";"53.5";"55.3"
"Exports";"USD";"08:30";"2022-08-04";"260.80B";"";"255.90B"
"Imports";"USD";"08:30";"2022-08-04";"340.40B";"";"341.40B"
"Initial Jobless Claims";"USD";"08:30";"2022-08-04";"260K";"259K";"254K"
"Nonfarm Payrolls";"USD";"08:30";"2022-08-05";"528K";"250K";"398K"
"Unemployment Rate";"USD";"08:30";"2022-08-05";"3.5%";"3.6%";"3.6%"
"Core CPI (MoM)";"USD";"08:30";"2022-08-10";"0.3%";"0.5%";"0.7%"
"Core CPI (YoY)";"USD";"08:30";"2022-08-10";"5.9%";"6.1%";"5.9%"
"CPI (MoM)";"USD";"08:30";"2022-08-10";"0.0%";"0.2%";"1.3%"
"CPI (YoY)";"USD";"08:30";"2022-08-10";"8.5%";"8.7%";"9.1%"
"CPI (MoM)";"USD";"11:00";"2022-08-10";"0.5%";"";"0.7%"
"Core PPI (MoM)";"USD";"08:30";"2022-08-11";"0.2%";"0.4%";"0.4%"
"Core PPI (YoY)";"USD";"08:30";"2022-08-11";"7.6%";"7.6%";"8.4%"
"Initial Jobless Claims";"USD";"08:30";"2022-08-11";"262K";"263K";"248K"
"PPI (YoY)";"USD";"08:30";"2022-08-11";"9.8%";"10.4%";"11.3%"
"PPI (MoM)";"USD";"08:30";"2022-08-11";"-0.5%";"0.2%";"1.0%"
"GDP (QoQ)";"EUR";"05:00";"2022-08-17";"0.6%";"0.7%";"0.7%"
"Retail Sales (MoM)";"USD";"08:30";"2022-08-17";"0.4%";"-0.1%";"0.9%"
"Retail Sales (MoM)";"USD";"08:30";"2022-08-17";"0.0%";"0.1%";"0.8%"
"Retail Sales (YoY)";"USD";"08:30";"2022-08-17";"10.02%";"";"8.54%"
"Core CPI (YoY)";"EUR";"05:00";"2022-08-18";"4.0%";"4.0%";"3.7%"
"Core CPI (MoM)";"EUR";"05:00";"2022-08-18";"-0.2%";"-0.2%";"0.2%"
"CPI (YoY)";"EUR";"05:00";"2022-08-18";"8.9%";"8.9%";"8.6%"
"CPI (MoM)";"EUR";"05:00";"2022-08-18";"0.1%";"0.1%";"0.8%"
"Initial Jobless Claims";"USD";"08:30";"2022-08-18";"250K";"265K";"252K"
"Existing Home Sales";"USD";"10:00";"2022-08-18";"4.81M";"4.89M";"5.11M"
"Existing Home Sales (MoM)";"USD";"10:00";"2022-08-18";"-5.9%";"";"-5.5%"
"Consumer Confidence";"EUR";"10:00";"2022-08-23";"-24.9";"-28.0";"-27.0"
"GDP (QoQ)";"USD";"08:30";"2022-08-25";"-0.6%";"-0.8%";"-0.9%"
"Initial Jobless Claims";"USD";"08:30";"2022-08-25";"243K";"253K";"245K"
"Consumer Confidence";"EUR";"05:00";"2022-08-30";"-24.9";"-24.9";"-24.9"
"Consumer Confidence";"USD";"10:00";"2022-08-30";"103.2";"97.9";"95.3"
"Core CPI (MoM)";"EUR";"05:00";"2022-08-31";"0.5%";"";"0.1%"
"Core CPI (YoY)";"EUR";"05:00";"2022-08-31";"4.3%";"";"4.0%"
"CPI (YoY)";"EUR";"05:00";"2022-08-31";"9.1%";"9.0%";"8.9%"
"CPI (MoM)";"EUR";"05:00";"2022-08-31";"0.5%";"0.4%";"0.1%"
"Unemployment Rate";"EUR";"05:00";"2022-09-01";"6.6%";"6.6%";"6.7%"
"Initial Jobless Claims";"USD";"08:30";"2022-09-01";"232K";"248K";"237K"
"ISM Manufacturing PMI";"USD";"10:00";"2022-09-01";"52.8";"52.0";"52.8"
"PPI (MoM)";"EUR";"05:00";"2022-09-02";"4.0%";"2.5%";"1.3%"
"PPI (YoY)";"EUR";"05:00";"2022-09-02";"37.9%";"35.8%";"36.0%"
"Nonfarm Payrolls";"USD";"08:30";"2022-09-02";"315K";"300K";"526K"
"Unemployment Rate";"USD";"08:30";"2022-09-02";"3.7%";"3.5%";"3.5%"
"Retail Sales (YoY)";"EUR";"05:00";"2022-09-05";"-0.9%";"-0.7%";"-3.2%"
"Retail Sales (MoM)";"EUR";"05:00";"2022-09-05";"0.3%";"0.4%";"-1.0%"
"ISM Non-Manufacturing PMI";"USD";"10:00";"2022-09-06";"56.9";"55.1";"56.7"
"GDP (QoQ)";"EUR";"05:00";"2022-09-07";"0.8%";"0.6%";"0.5%"
"Exports";"USD";"08:30";"2022-09-07";"259.30B";"";"260.80B"
"Imports";"USD";"08:30";"2022-09-07";"329.90B";"";"340.40B"
"Interest Rate Decision";"EUR";"08:15";"2022-09-08";"1.25%";"1.25%";"0.50%"
"Initial Jobless Claims";"USD";"08:30";"2022-09-08";"222K";"240K";"228K"
"Core CPI (YoY)";"USD";"08:30";"2022-09-13";"6.3%";"6.1%";"5.9%"
"Core CPI (MoM)";"USD";"08:30";"2022-09-13";"0.6%";"0.3%";"0.3%"
"CPI (MoM)";"USD";"08:30";"2022-09-13";"0.1%";"-0.1%";"0.0%"
"CPI (YoY)";"USD";"08:30";"2022-09-13";"8.3%";"8.1%";"8.5%"
"CPI (MoM)";"USD";"11:00";"2022-09-13";"0.7%";"";"0.5%"
"Core PPI (MoM)";"USD";"08:30";"2022-09-14";"0.4%";"0.3%";"0.3%"
"Core PPI (YoY)";"USD";"08:30";"2022-09-14";"7.3%";"7.1%";"7.7%"
"PPI (YoY)";"USD";"08:30";"2022-09-14";"8.7%";"8.8%";"9.8%"
"PPI (MoM)";"USD";"08:30";"2022-09-14";"-0.1%";"-0.1%";"-0.4%"
"Retail Sales (MoM)";"USD";"08:30";"2022-09-15";"-0.3%";"0.1%";"0.4%"
"Initial Jobless Claims";"USD";"08:30";"2022-09-15";"213K";"226K";"218K"
"Retail Sales (MoM)";"USD";"08:30";"2022-09-15";"0.3%";"0.2%";"-0.4%"
"Retail Sales (YoY)";"USD";"08:30";"2022-09-15";"9.10%";"";"10.06%"
"Core CPI (YoY)";"EUR";"05:00";"2022-09-16";"4.3%";"4.3%";"4.3%"
"Core CPI (MoM)";"EUR";"05:00";"2022-09-16";"0.5%";"0.5%";"0.5%"
"CPI (MoM)";"EUR";"05:00";"2022-09-16";"0.6%";"0.5%";"0.1%"
"CPI (YoY)";"EUR";"05:00";"2022-09-16";"9.1%";"9.1%";"9.1%"
"Existing Home Sales";"USD";"10:00";"2022-09-21";"4.80M";"4.70M";"4.82M"
"Existing Home Sales (MoM)";"USD";"10:00";"2022-09-21";"-0.4%";"";"-5.7%"
"Interest Rate Decision";"USD";"14:00";"2022-09-21";"3.25%";"3.25%";"2.50%"
"Initial Jobless Claims";"USD";"08:30";"2022-09-22";"213K";"218K";"208K"
"Consumer Confidence";"EUR";"10:00";"2022-09-22";"-28.8";"-25.8";"-25.0"
"Consumer Confidence";"USD";"10:00";"2022-09-27";"108.0";"104.5";"103.6"
"Consumer Confidence";"EUR";"05:00";"2022-09-29";"-28.8";"-28.8";"-28.8"
"GDP (QoQ)";"USD";"08:30";"2022-09-29";"-0.6%";"-0.6%";"-1.6%"
"Initial Jobless Claims";"USD";"08:30";"2022-09-29";"193K";"215K";"209K"
"Core CPI (MoM)";"EUR";"05:00";"2022-09-30";"1.0%";"";"0.5%"
"Core CPI (YoY)";"EUR";"05:00";"2022-09-30";"4.8%";"4.7%";"4.3%"
"CPI (MoM)";"EUR";"05:00";"2022-09-30";"1.2%";"0.9%";"0.6%"
"CPI (YoY)";"EUR";"05:00";"2022-09-30";"10.0%";"9.7%";"9.1%"
"Unemployment Rate";"EUR";"05:00";"2022-09-30";"6.6%";"6.6%";"6.6%"
"ISM Manufacturing PMI";"USD";"10:00";"2022-10-03";"50.9";"52.2";"52.8"
"PPI (MoM)";"EUR";"05:00";"2022-10-04";"5.0%";"4.9%";"4.0%"
"PPI (YoY)";"EUR";"05:00";"2022-10-04";"43.3%";"43.1%";"38.0%"
"Exports";"USD";"08:30";"2022-10-05";"258.90B";"";"259.60B"
"Imports";"USD";"08:30";"2022-10-05";"326.30B";"";"330.00B"
"ISM Non-Manufacturing PMI";"USD";"10:00";"2022-10-05";"56.7";"56.0";"56.9"
"Retail Sales (YoY)";"EUR";"05:00";"2022-10-06";"-2.0%";"-1.7%";"-1.2%"
"Retail Sales (MoM)";"EUR";"05:00";"2022-10-06";"-0.3%";"-0.4%";"-0.4%"
"Initial Jobless Claims";"USD";"08:30";"2022-10-06";"219K";"203K";"190K"
"Nonfarm Payrolls";"USD";"08:30";"2022-10-07";"263K";"250K";"315K"
"Unemployment Rate";"USD";"08:30";"2022-10-07";"3.5%";"3.7%";"3.7%"
"Core PPI (YoY)";"USD";"08:30";"2022-10-12";"7.2%";"7.3%";"7.2%"
"Core PPI (MoM)";"USD";"08:30";"2022-10-12";"0.3%";"0.3%";"0.3%"
"PPI (MoM)";"USD";"08:30";"2022-10-12";"0.4%";"0.2%";"-0.2%"
"PPI (YoY)";"USD";"08:30";"2022-10-12";"8.5%";"8.4%";"8.7%"
"Core CPI (MoM)";"USD";"08:30";"2022-10-13";"0.6%";"0.5%";"0.6%"
"Core CPI (YoY)";"USD";"08:30";"2022-10-13";"6.6%";"6.5%";"6.3%"
"CPI (YoY)";"USD";"08:30";"2022-10-13";"8.2%";"8.1%";"8.2%"
"CPI (MoM)";"USD";"08:30";"2022-10-13";"0.4%";"0.2%";"0.2%"
"Initial Jobless Claims";"USD";"08:30";"2022-10-13";"228K";"225K";"219K"
"CPI (MoM)";"USD";"11:00";"2022-10-13";"0.7%";"";"0.7%"
"Retail Sales (MoM)";"USD";"08:30";"2022-10-14";"0.1%";"-0.1%";"-0.1%"
"Retail Sales (YoY)";"USD";"08:30";"2022-10-14";"8.41%";"";"9.44%"
"Retail Sales (MoM)";"USD";"08:30";"2022-10-14";"0.0%";"0.2%";"0.4%"
"Core CPI (MoM)";"EUR";"05:00";"2022-10-19";"1.0%";"1.0%";"1.0%"
"Core CPI (YoY)";"EUR";"05:00";"2022-10-19";"4.8%";"4.8%";"4.3%"
"CPI (YoY)";"EUR";"05:00";"2022-10-19";"9.9%";"10.0%";"9.1%"
"CPI (MoM)";"EUR";"05:00";"2022-10-19";"1.2%";"1.2%";"0.6%"
"Initial Jobless Claims";"USD";"08:30";"2022-10-20";"214K";"230K";"226K"
"Existing Home Sales";"USD";"10:00";"2022-10-20";"4.71M";"4.70M";"4.78M"
"Existing Home Sales (MoM)";"USD";"10:00";"2022-10-20";"-1.5%";"";"-0.8%"
"Consumer Confidence";"EUR";"10:00";"2022-10-21";"-27.6";"-30.0";"-28.8"
"Consumer Confidence";"USD";"10:00";"2022-10-25";"102.5";"106.5";"107.8"
"Interest Rate Decision";"EUR";"08:15";"2022-10-27";"2.00%";"2.00%";"1.25%"
"GDP (QoQ)";"USD";"08:30";"2022-10-27";"2.6%";"2.4%";"-0.6%"
"Initial Jobless Claims";"USD";"08:30";"2022-10-27";"217K";"220K";"214K"
"Consumer Confidence";"EUR";"05:00";"2022-10-28";"-27.6";"-27.6";"-28.8"
"Core CPI (MoM)";"EUR";"06:00";"2022-10-31";"0.6%";"";"1.0%"
"Core CPI (YoY)";"EUR";"06:00";"2022-10-31";"5.0%";"4.8%";"4.8%"
"CPI (YoY)";"EUR";"06:00";"2022-10-31";"10.7%";"10.2%";"9.9%"
"CPI (MoM)";"EUR";"06:00";"2022-10-31";"1.5%";"";"1.2%"
"GDP (QoQ)";"EUR";"06:00";"2022-10-31";"0.2%";"1.0%";"0.8%"
"ISM Manufacturing PMI";"USD";"10:00";"2022-11-01";"50.2";"50.0";"50.9"
"Interest Rate Decision";"USD";"14:00";"2022-11-02";"4.00%";"4.00%";"3.25%"
"Unemployment Rate";"EUR";"06:00";"2022-11-03";"6.6%";"6.6%";"6.7%"
"Exports";"USD";"08:30";"2022-11-03";"258.00B";"";"260.80B"
"Imports";"USD";"08:30";"2022-11-03";"331.30B";"";"326.50B"
"Initial Jobless Claims";"USD";"08:30";"2022-11-03";"217K";"220K";"218K"
"ISM Non-Manufacturing PMI";"USD";"10:00";"2022-11-03";"54.4";"55.5";"56.7"
"PPI (YoY)";"EUR";"06:00";"2022-11-04";"41.9%";"42.0%";"43.4%"
"PPI (MoM)";"EUR";"06:00";"2022-11-04";"1.6%";"1.7%";"5.0%"
"Nonfarm Payrolls";"USD";"08:30";"2022-11-04";"261K";"200K";"315K"
"Unemployment Rate";"USD";"08:30";"2022-11-04";"3.7%";"3.6%";"3.5%"
"Retail Sales (YoY)";"EUR";"06:00";"2022-11-08";"-0.6%";"-1.3%";"-1.4%"
"Retail Sales (MoM)";"EUR";"06:00";"2022-11-08";"0.4%";"0.4%";"0.0%"
"Core CPI (MoM)";"USD";"09:30";"2022-11-10";"0.3%";"0.5%";"0.6%"
"Core CPI (YoY)";"USD";"09:30";"2022-11-10";"6.3%";"6.5%";"6.6%"
"CPI (MoM)";"USD";"09:30";"2022-11-10";"0.4%";"0.6%";"0.4%"
"CPI (YoY)";"USD";"09:30";"2022-11-10";"7.7%";"8.0%";"8.2%"
"Initial Jobless Claims";"USD";"09:30";"2022-11-10";"225K";"220K";"218K"
"CPI (MoM)";"USD";"12:00";"2022-11-10";"0.5%";"";"0.7%"
"GDP (QoQ)";"EUR";"06:00";"2022-11-15";"0.2%";"0.2%";"0.8%"
"Core PPI (MoM)";"USD";"09:30";"2022-11-15";"0.0%";"0.3%";"0.2%"
"Core PPI (YoY)";"USD";"09:30";"2022-11-15";"6.7%";"7.2%";"7.1%"
"PPI (YoY)";"USD";"09:30";"2022-11-15";"8.0%";"8.3%";"8.4%"
"PPI (MoM)";"USD";"09:30";"2022-11-15";"0.2%";"0.4%";"0.2%"
"Retail Sales (MoM)";"USD";"09:30";"2022-11-16";"1.3%";"0.4%";"0.1%"
"Retail Sales (YoY)";"USD";"09:30";"2022-11-16";"8.37%";"";"8.59%"
"Retail Sales (MoM)";"USD";"09:30";"2022-11-16";"1.3%";"1.0%";"0.0%"
"Core CPI (YoY)";"EUR";"06:00";"2022-11-17";"5.0%";"5.0%";"4.8%"
"Core CPI (MoM)";"EUR";"06:00";"2022-11-17";"0.6%";"0.6%";"1.0%"
"CPI (MoM)";"EUR";"06:00";"2022-11-17";"1.5%";"1.5%";"1.2%"
"CPI (YoY)";"EUR";"06:00";"2022-11-17";"10.6%";"10.7%";"9.9%"
"Initial Jobless Claims";"USD";"09:30";"2022-11-17";"222K";"225K";"226K"
"Existing Home Sales (MoM)";"USD";"11:00";"2022-11-18";"-5.9%";"";"-1.5%"
"Existing Home Sales";"USD";"11:00";"2022-11-18";"4.43M";"4.38M";"4.71M"
"Consumer Confidence";"EUR";"11:00";"2022-11-22";"-23.9";"-26.0";"-27.5"
"Initial Jobless Claims";"USD";"09:30";"2022-11-23";"240K";"225K";"223K"
"Consumer Confidence";"EUR";"06:00";"2022-11-29";"-23.9";"-23.9";"-23.9"
"Consumer Confidence";"USD";"11:00";"2022-11-29";"100.2";"100.0";"102.2"
"Core CPI (MoM)";"EUR";"06:00";"2022-11-30";"0.0%";"0.6%";"0.6%"
"Core CPI (YoY)";"EUR";"06:00";"2022-11-30";"5.0%";"5.0%";"5.0%"
"CPI (YoY)";"EUR";"06:00";"2022-11-30";"10.0%";"10.4%";"10.6%"
"CPI (MoM)";"EUR";"06:00";"2022-11-30";"-0.1%";"0.2%";"1.5%"
"GDP (QoQ)";"USD";"09:30";"2022-11-30";"2.9%";"2.7%";"2.6%"
"Unemployment Rate";"EUR";"06:00";"2022-12-01";"6.5%";"6.6%";"6.6%"
"Initial Jobless Claims";"USD";"09:30";"2022-12-01";"225K";"235K";"241K"
"ISM Manufacturing PMI";"USD";"11:00";"2022-12-01";"49.0";"49.8";"50.2"
"PPI (MoM)";"EUR";"06:00";"2022-12-02";"-2.9%";"-2.0%";"1.6%"
"PPI (YoY)";"EUR";"06:00";"2022-12-02";"30.8%";"31.5%";"41.9%"
"Unemployment Rate";"USD";"08:30";"2022-12-02";"3.7%";"3.7%";"3.7%"
"Nonfarm Payrolls";"USD";"09:30";"2022-12-02";"263K";"200K";"284K"
"Retail Sales (MoM)";"EUR";"06:00";"2022-12-05";"-1.8%";"-1.7%";"0.8%"
"Retail Sales (YoY)";"EUR";"06:00";"2022-12-05";"-2.7%";"-2.6%";"-0.6%"
"ISM Non-Manufacturing PMI";"USD";"11:00";"2022-12-05";"56.5";"53.3";"54.4"
"Exports";"USD";"09:30";"2022-12-06";"256.60B";"";"258.50B"
"Imports";"USD";"09:30";"2022-12-06";"334.80B";"";"331.30B"
"GDP (QoQ)";"EUR";"06:00";"2022-12-07";"0.3%";"0.2%";"0.2%"
"Initial Jobless Claims";"USD";"09:30";"2022-12-08";"230K";"230K";"226K"
"Core PPI (MoM)";"USD";"09:30";"2022-12-09";"0.4%";"0.2%";"0.1%"
"Core PPI (YoY)";"USD";"09:30";"2022-12-09";"6.2%";"5.9%";"6.8%"
"PPI (YoY)";"USD";"09:30";"2022-12-09";"7.4%";"7.2%";"8.1%"
"PPI (MoM)";"USD";"09:30";"2022-12-09";"0.3%";"0.2%";"0.3%"
"Core CPI (MoM)";"USD";"09:30";"2022-12-13";"0.2%";"0.3%";"0.3%"
"Core CPI (YoY)";"USD";"09:30";"2022-12-13";"6.0%";"6.1%";"6.3%"
"CPI (YoY)";"USD";"09:30";"2022-12-13";"7.1%";"7.3%";"7.8%"
"CPI (MoM)";"USD";"09:30";"2022-12-13";"0.1%";"0.3%";"0.5%"
"CPI (MoM)";"USD";"12:00";"2022-12-14";"0.5%";"";"0.5%"
"Interest Rate Decision";"USD";"15:00";"2022-12-14";"4.50%";"4.50%";"4.00%"
"Interest Rate Decision";"EUR";"09:15";"2022-12-15";"2.50%";"2.50%";"2.00%"
"Retail Sales (MoM)";"USD";"09:30";"2022-12-15";"-0.2%";"0.2%";"1.2%"
"Initial Jobless Claims";"USD";"09:30";"2022-12-15";"211K";"230K";"231K"
"Retail Sales (MoM)";"USD";"09:30";"2022-12-15";"-0.6%";"-0.1%";"1.3%"
"Retail Sales (YoY)";"USD";"09:30";"2022-12-15";"7.60%";"";"7.51%"
"Core CPI (MoM)";"EUR";"06:00";"2022-12-16";"0.0%";"0.6%";"0.6%"
"Core CPI (YoY)";"EUR";"06:00";"2022-12-16";"5.0%";"5.0%";"5.0%"
"CPI (MoM)";"EUR";"06:00";"2022-12-16";"-0.1%";"-0.1%";"1.5%"
"CPI (YoY)";"EUR";"06:00";"2022-12-16";"10.1%";"10.0%";"10.6%"
"Consumer Confidence";"EUR";"11:00";"2022-12-20";"-22.2";"-22.0";"-23.9"
"Consumer Confidence";"USD";"11:00";"2022-12-21";"108.3";"101.0";"101.4"
"Existing Home Sales (MoM)";"USD";"11:00";"2022-12-21";"-7.7%";"-5.4%";"-5.9%"
"Existing Home Sales";"USD";"11:00";"2022-12-21";"4.09M";"4.20M";"4.43M"
"GDP (QoQ)";"USD";"09:30";"2022-12-22";"3.2%";"2.9%";"-0.6%"
"Initial Jobless Claims";"USD";"09:30";"2022-12-22";"216K";"222K";"214K"
"Initial Jobless Claims";"USD";"09:30";"2022-12-29";"225K";"225K";"216K"
"ISM Manufacturing PMI";"USD";"11:00";"2023-01-04";"48.4";"48.5";"49.0"
"PPI (MoM)";"EUR";"06:00";"2023-01-05";"-0.9%";"-0.9%";"-3.0%"
"PPI (YoY)";"EUR";"06:00";"2023-01-05";"27.1%";"27.5%";"30.5%"
"Exports";"USD";"09:30";"2023-01-05";"251.90B";"";"256.90B"
"Imports";"USD";"09:30";"2023-01-05";"313.40B";"";"334.80B"
"Initial Jobless Claims";"USD";"09:30";"2023-01-05";"204K";"225K";"223K"
"Consumer Confidence";"EUR";"06:00";"2023-01-06";"-22.2";"-22.2";"-22.2"
"Core CPI (YoY)";"EUR";"06:00";"2023-01-06";"5.2%";"5.0%";"5.0%"
"Core CPI (MoM)";"EUR";"06:00";"2023-01-06";"0.6%";"-0.1%";"0.0%"
"CPI (YoY)";"EUR";"06:00";"2023-01-06";"9.2%";"9.7%";"10.1%"
"CPI (MoM)";"EUR";"06:00";"2023-01-06";"-0.3%";"0.8%";"-0.1%"
"Retail Sales (YoY)";"EUR";"06:00";"2023-01-06";"-2.8%";"-3.3%";"-2.6%"
"Retail Sales (MoM)";"EUR";"06:00";"2023-01-06";"0.8%";"0.5%";"-1.5%"
"Nonfarm Payrolls";"USD";"09:30";"2023-01-06";"223K";"200K";"256K"
"Unemployment Rate";"USD";"09:30";"2023-01-06";"3.5%";"3.7%";"3.6%"
"ISM Non-Manufacturing PMI";"USD";"11:00";"2023-01-06";"49.6";"55.0";"56.5"
"Unemployment Rate";"EUR";"06:00";"2023-01-09";"6.5%";"6.5%";"6.5%"
"Core CPI (YoY)";"USD";"09:30";"2023-01-12";"5.7%";"5.7%";"6.0%"
"Core CPI (MoM)";"USD";"09:30";"2023-01-12";"0.3%";"0.3%";"0.3%"
"CPI (MoM)";"USD";"09:30";"2023-01-12";"-0.1%";"0.0%";"0.2%"
"CPI (YoY)";"USD";"09:30";"2023-01-12";"6.5%";"6.5%";"7.1%"
"Initial Jobless Claims";"USD";"09:30";"2023-01-12";"205K";"215K";"206K"
"CPI (MoM)";"USD";"12:00";"2023-01-12";"0.4%";"";"0.5%"
"Core CPI (MoM)";"EUR";"06:00";"2023-01-18";"0.6%";"0.6%";"0.6%"
"Core CPI (YoY)";"EUR";"06:00";"2023-01-18";"5.2%";"5.2%";"5.0%"
"CPI (YoY)";"EUR";"06:00";"2023-01-18";"9.2%";"9.2%";"10.1%"
"CPI (MoM)";"EUR";"06:00";"2023-01-18";"-0.4%";"-0.3%";"-0.1%"
"Core PPI (MoM)";"USD";"09:30";"2023-01-18";"0.1%";"0.1%";"0.2%"
"Core PPI (YoY)";"USD";"09:30";"2023-01-18";"5.5%";"5.7%";"6.2%"
"Retail Sales (MoM)";"USD";"09:30";"2023-01-18";"-1.1%";"-0.4%";"-0.6%"
"PPI (YoY)";"USD";"09:30";"2023-01-18";"6.2%";"6.8%";"7.3%"
"PPI (MoM)";"USD";"09:30";"2023-01-18";"-0.5%";"-0.1%";"0.2%"
"Retail Sales (YoY)";"USD";"09:30";"2023-01-18";"6.02%";"";"6.01%"
"Retail Sales (MoM)";"USD";"09:30";"2023-01-18";"-1.1%";"-0.8%";"-1.0%"
"Initial Jobless Claims";"USD";"09:30";"2023-01-19";"190K";"214K";"205K"
"Existing Home Sales (MoM)";"USD";"11:00";"2023-01-20";"-1.5%";"-5.4%";"-7.9%"
"Existing Home Sales";"USD";"11:00";"2023-01-20";"4.02M";"3.96M";"4.08M"
"Consumer Confidence";"EUR";"11:00";"2023-01-23";"-20.9";"-20.0";"-22.0"
"GDP (QoQ)";"USD";"09:30";"2023-01-26";"2.9%";"2.6%";"3.2%"
"Initial Jobless Claims";"USD";"09:30";"2023-01-26";"186K";"205K";"192K"
"Consumer Confidence";"EUR";"06:00";"2023-01-30";"-20.9";"-20.9";"-22.1"
"GDP (QoQ)";"EUR";"06:00";"2023-01-31";"0.1%";"-0.1%";"0.3%"
"Consumer Confidence";"USD";"11:00";"2023-01-31";"107.1";"109.0";"109.0"
"Core CPI (YoY)";"EUR";"06:00";"2023-02-01";"5.2%";"5.4%";"5.2%"
"Core CPI (MoM)";"EUR";"06:00";"2023-02-01";"-0.8%";"-0.2%";"0.6%"
"CPI (MoM)";"EUR";"06:00";"2023-02-01";"-0.4%";"-0.3%";"-0.4%"
"CPI (YoY)";"EUR";"06:00";"2023-02-01";"8.5%";"9.0%";"9.2%"
"Unemployment Rate";"EUR";"06:00";"2023-02-01";"6.6%";"6.5%";"6.6%"
"ISM Manufacturing PMI";"USD";"11:00";"2023-02-01";"47.4";"48.0";"48.4"
"Interest Rate Decision";"USD";"15:00";"2023-02-01";"4.75%";"4.75%";"4.50%"
"Interest Rate Decision";"EUR";"09:15";"2023-02-02";"3.00%";"3.00%";"2.50%"
"Initial Jobless Claims";"USD";"09:30";"2023-02-02";"183K";"200K";"186K"
"PPI (YoY)";"EUR";"06:00";"2023-02-03";"24.6%";"22.5%";"27.0%"
"PPI (MoM)";"EUR";"06:00";"2023-02-03";"1.1%";"-0.4%";"-1.0%"
"Nonfarm Payrolls";"USD";"09:30";"2023-02-03";"517K";"185K";"260K"
"Unemployment Rate";"USD";"09:30";"2023-02-03";"3.4%";"3.6%";"3.5%"
"ISM Non-Manufacturing PMI";"USD";"11:00";"2023-02-03";"55.2";"50.4";"49.2"
"Retail Sales (YoY)";"EUR";"06:00";"2023-02-06";"-2.8%";"-2.7%";"-2.5%"
"Retail Sales (MoM)";"EUR";"06:00";"2023-02-06";"-2.7%";"-2.5%";"1.2%"
"Exports";"USD";"09:30";"2023-02-07";"250.20B";"";"252.40B"
"Imports";"USD";"09:30";"2023-02-07";"317.60B";"";"313.40B"
"Initial Jobless Claims";"USD";"09:30";"2023-02-09";"196K";"190K";"183K"
"GDP (QoQ)";"EUR";"06:00";"2023-02-14";"0.1%";"0.1%";"0.3%"
"Core CPI (MoM)";"USD";"09:30";"2023-02-14";"0.4%";"0.4%";"0.4%"
"Core CPI (YoY)";"USD";"09:30";"2023-02-14";"5.6%";"5.5%";"5.7%"
"CPI (YoY)";"USD";"09:30";"2023-02-14";"6.4%";"6.2%";"6.5%"
"CPI (MoM)";"USD";"09:30";"2023-02-14";"0.5%";"0.5%";"0.1%"
"CPI (MoM)";"USD";"12:00";"2023-02-14";"0.7%";"";"0.6%"
"Retail Sales (MoM)";"USD";"09:30";"2023-02-15";"2.3%";"0.8%";"-0.9%"
"Retail Sales (MoM)";"USD";"09:30";"2023-02-15";"3.0%";"1.8%";"-1.1%"
"Retail Sales (YoY)";"USD";"09:30";"2023-02-15";"6.38%";"";"5.89%"
"Core PPI (MoM)";"USD";"09:30";"2023-02-16";"0.5%";"0.3%";"0.3%"
"Core PPI (YoY)";"USD";"09:30";"2023-02-16";"5.4%";"4.9%";"5.8%"
"Initial Jobless Claims";"USD";"09:30";"2023-02-16";"194K";"200K";"195K"
"PPI (MoM)";"USD";"09:30";"2023-02-16";"0.7%";"0.4%";"-0.2%"
"PPI (YoY)";"USD";"09:30";"2023-02-16";"6.0%";"5.4%";"6.5%"
"Consumer Confidence";"EUR";"11:00";"2023-02-20";"-19.0";"-19.0";"-20.7"
"Existing Home Sales";"USD";"11:00";"2023-02-21";"4.00M";"4.10M";"4.03M"
"Existing Home Sales (MoM)";"USD";"11:00";"2023-02-21";"-0.7%";"2.0%";"-2.2%"
"Core CPI (YoY)";"EUR";"06:00";"2023-02-23";"5.3%";"5.2%";"5.2%"
"Core CPI (MoM)";"EUR";"06:00";"2023-02-23";"-0.8%";"-0.8%";"-0.8%"
"CPI (MoM)";"EUR";"06:00";"2023-02-23";"-0.2%";"-0.2%";"-0.4%"
"CPI (YoY)";"EUR";"06:00";"2023-02-23";"8.6%";"8.6%";"9.2%"
"GDP (QoQ)";"USD";"09:30";"2023-02-23";"2.7%";"2.9%";"3.2%"
"Initial Jobless Claims";"USD";"09:30";"2023-02-23";"192K";"200K";"195K"
"Consumer Confidence";"EUR";"06:00";"2023-02-27";"-19.0";"-19.0";"-19.0"
"Consumer Confidence";"USD";"11:00";"2023-02-28";"102.9";"108.5";"106.0"
"ISM Manufacturing PMI";"USD";"11:00";"2023-03-01";"47.7";"48.0";"47.4"
"Core CPI (YoY)";"EUR";"06:00";"2023-03-02";"5.6%";"5.3%";"5.3%"
"Core CPI (MoM)";"EUR";"06:00";"2023-03-02";"0.8%";"";"-0.8%"
"CPI (MoM)";"EUR";"06:00";"2023-03-02";"0.8%";"";"-0.2%"
"CPI (YoY)";"EUR";"06:00";"2023-03-02";"8.5%";"8.2%";"8.6%"
"Unemployment Rate";"EUR";"06:00";"2023-03-02";"6.7%";"6.6%";"6.7%"
"Initial Jobless Claims";"USD";"09:30";"2023-03-02";"190K";"195K";"192K"
"PPI (MoM)";"EUR";"06:00";"2023-03-03";"-2.8%";"-0.3%";"1.1%"
"PPI (YoY)";"EUR";"06:00";"2023-03-03";"15.0%";"17.7%";"24.6%"
"ISM Non-Manufacturing PMI";"USD";"11:00";"2023-03-03";"55.1";"54.5";"55.2"
"Retail Sales (YoY)";"EUR";"06:00";"2023-03-06";"-2.3%";"-1.8%";"-2.8%"
"Retail Sales (MoM)";"EUR";"06:00";"2023-03-06";"0.3%";"1.0%";"-1.6%"
"GDP (QoQ)";"EUR";"06:00";"2023-03-08";"0.0%";"0.1%";"0.3%"
"Exports";"USD";"09:30";"2023-03-08";"257.50B";"";"249.00B"
"Imports";"USD";"09:30";"2023-03-08";"325.80B";"";"316.20B"
"Initial Jobless Claims";"USD";"09:30";"2023-03-09";"211K";"195K";"190K"
"Nonfarm Payrolls";"USD";"09:30";"2023-03-10";"311K";"205K";"504K"
"Unemployment Rate";"USD";"09:30";"2023-03-10";"3.6%";"3.4%";"3.4%"
"Core CPI (MoM)";"USD";"08:30";"2023-03-14";"0.5%";"0.4%";"0.4%"
"Core CPI (YoY)";"USD";"08:30";"2023-03-14";"5.5%";"5.5%";"5.6%"
"CPI (YoY)";"USD";"08:30";"2023-03-14";"6.0%";"6.0%";"6.4%"
"CPI (MoM)";"USD";"08:30";"2023-03-14";"0.4%";"0.4%";"0.5%"
"CPI (MoM)";"USD";"11:00";"2023-03-14";"0.6%";"";"0.7%"
"Core PPI (YoY)";"USD";"08:30";"2023-03-15";"4.4%";"5.2%";"5.0%"
"Core PPI (MoM)";"USD";"08:30";"2023-03-15";"0.0%";"0.4%";"0.1%"
"Retail Sales (MoM)";"USD";"08:30";"2023-03-15";"-0.1%";"-0.1%";"2.4%"
"PPI (MoM)";"USD";"08:30";"2023-03-15";"-0.1%";"0.3%";"0.3%"
"PPI (YoY)";"USD";"08:30";"2023-03-15";"4.6%";"5.4%";"5.7%"
"Retail Sales (MoM)";"USD";"08:30";"2023-03-15";"-0.4%";"-0.3%";"3.2%"
"Retail Sales (YoY)";"USD";"08:30";"2023-03-15";"5.39%";"";"7.68%"
"Initial Jobless Claims";"USD";"08:30";"2023-03-16";"192K";"205K";"212K"
"Interest Rate Decision";"EUR";"09:15";"2023-03-16";"3.50%";"3.50%";"3.00%"
"Core CPI (YoY)";"EUR";"06:00";"2023-03-17";"5.6%";"5.6%";"5.3%"
"Core CPI (MoM)";"EUR";"06:00";"2023-03-17";"0.8%";"0.8%";"-0.8%"
"CPI (MoM)";"EUR";"06:00";"2023-03-17";"0.8%";"0.8%";"-0.2%"
"CPI (YoY)";"EUR";"06:00";"2023-03-17";"8.5%";"8.5%";"8.6%"
"Existing Home Sales (MoM)";"USD";"10:00";"2023-03-21";"14.5%";"5.0%";"-0.7%"
"Existing Home Sales";"USD";"10:00";"2023-03-21";"4.58M";"4.19M";"4.00M"
"Interest Rate Decision";"USD";"14:00";"2023-03-22";"5.00%";"5.00%";"4.75%"
"Initial Jobless Claims";"USD";"08:30";"2023-03-23";"191K";"197K";"192K"
"Consumer Confidence";"EUR";"11:00";"2023-03-23";"-19.2";"-18.3";"-19.1"
"Consumer Confidence";"USD";"10:00";"2023-03-28";"104.2";"101.0";"103.4"
"Consumer Confidence";"EUR";"05:00";"2023-03-30";"-19.2";"-19.2";"-19.0"
"GDP (QoQ)";"USD";"08:30";"2023-03-30";"2.6%";"2.7%";"3.2%"
"Initial Jobless Claims";"USD";"08:30";"2023-03-30";"198K";"196K";"191K"
"Core CPI (YoY)";"EUR";"05:00";"2023-03-31";"5.7%";"5.7%";"5.6%"
"Core CPI (MoM)";"EUR";"05:00";"2023-03-31";"1.2%";"0.6%";"0.8%"
"CPI (MoM)";"EUR";"05:00";"2023-03-31";"0.9%";"0.8%";"0.8%"
"CPI (YoY)";"EUR";"05:00";"2023-03-31";"6.9%";"7.1%";"8.5%"
"Unemployment Rate";"EUR";"05:00";"2023-03-31";"6.6%";"6.7%";"6.6%"
"ISM Manufacturing PMI";"USD";"10:00";"2023-04-03";"46.3";"47.5";"47.7"
"PPI (MoM)";"EUR";"05:00";"2023-04-04";"-0.5%";"-0.3%";"-2.8%"
"PPI (YoY)";"EUR";"05:00";"2023-04-04";"13.2%";"13.3%";"15.1%"
"Exports";"USD";"08:30";"2023-04-05";"251.15B";"250.40B";"258.10B"
"Imports";"USD";"08:30";"2023-04-05";"321.70B";"319.40B";"326.70B"
"ISM Non-Manufacturing PMI";"USD";"10:00";"2023-04-05";"51.2";"54.5";"55.1"
"Initial Jobless Claims";"USD";"08:30";"2023-04-06";"228K";"200K";"246K"
"Nonfarm Payrolls";"USD";"08:30";"2023-04-07";"236K";"239K";"326K"
"Unemployment Rate";"USD";"08:30";"2023-04-07";"3.5%";"3.6%";"3.6%"
"Retail Sales (YoY)";"EUR";"05:00";"2023-04-11";"-3.0%";"-3.5%";"-1.8%"
"Retail Sales (MoM)";"EUR";"05:00";"2023-04-11";"-0.8%";"-0.8%";"0.8%"
"Core CPI (MoM)";"USD";"08:30";"2023-04-12";"0.4%";"0.4%";"0.5%"
"Core CPI (YoY)";"USD";"08:30";"2023-04-12";"5.6%";"5.6%";"5.5%"
"CPI (YoY)";"USD";"08:30";"2023-04-12";"5.0%";"5.2%";"6.0%"
"CPI (MoM)";"USD";"08:30";"2023-04-12";"0.1%";"0.2%";"0.4%"
"CPI (MoM)";"USD";"11:00";"2023-04-12";"0.4%";"0.6%";"0.6%"
"Core PPI (MoM)";"USD";"08:30";"2023-04-13";"-0.1%";"0.3%";"0.2%"
"Core PPI (YoY)";"USD";"08:30";"2023-04-13";"3.4%";"3.4%";"4.8%"
"Initial Jobless Claims";"USD";"08:30";"2023-04-13";"239K";"232K";"228K"
"PPI (MoM)";"USD";"08:30";"2023-04-13";"-0.5%";"0.1%";"0.0%"
"PPI (YoY)";"USD";"08:30";"2023-04-13";"2.7%";"3.0%";"4.9%"
"Retail Sales (MoM)";"USD";"08:30";"2023-04-14";"-0.8%";"-0.3%";"0.0%"
"Retail Sales (YoY)";"USD";"08:30";"2023-04-14";"2.94%";"5.90%";"5.88%"
"Retail Sales (MoM)";"USD";"08:30";"2023-04-14";"-1.0%";"-0.4%";"-0.2%"
"Core CPI (MoM)";"EUR";"05:00";"2023-04-19";"1.3%";"1.2%";"0.8%"
"Core CPI (YoY)";"EUR";"05:00";"2023-04-19";"5.7%";"5.7%";"5.6%"
"CPI (YoY)";"EUR";"05:00";"2023-04-19";"6.9%";"6.9%";"8.5%"
"CPI (MoM)";"EUR";"05:00";"2023-04-19";"0.9%";"0.9%";"0.8%"
"Initial Jobless Claims";"USD";"08:30";"2023-04-20";"245K";"240K";"240K"
"Existing Home Sales (MoM)";"USD";"10:00";"2023-04-20";"-2.4%";"5.0%";"13.8%"
"Existing Home Sales";"USD";"10:00";"2023-04-20";"4.44M";"4.50M";"4.55M"
"Consumer Confidence";"EUR";"10:00";"2023-04-20";"-17.5";"-18.5";"-19.1"
"Consumer Confidence";"USD";"10:00";"2023-04-25";"101.3";"104.0";"104.0"
"Consumer Confidence";"EUR";"05:00";"2023-04-27";"-17.5";"-17.5";"-19.1"
"GDP (QoQ)";"USD";"08:30";"2023-04-27";"1.1%";"2.0%";"2.6%"
"Initial Jobless Claims";"USD";"08:30";"2023-04-27";"230K";"248K";"246K"
"GDP (QoQ)";"EUR";"05:00";"2023-04-28";"0.1%";"0.2%";"0.0%"
"ISM Manufacturing PMI";"USD";"10:00";"2023-05-01";"47.1";"46.8";"46.3"
"Core CPI (YoY)";"EUR";"05:00";"2023-05-02";"5.6%";"5.7%";"5.7%"
"Core CPI (MoM)";"EUR";"05:00";"2023-05-02";"1.0%";"1.1%";"1.3%"
"CPI (MoM)";"EUR";"05:00";"2023-05-02";"0.7%";"0.9%";"0.9%"
"CPI (YoY)";"EUR";"05:00";"2023-05-02";"7.0%";"7.0%";"6.9%"
"Unemployment Rate";"EUR";"05:00";"2023-05-03";"6.5%";"6.6%";"6.6%"
"ISM Non-Manufacturing PMI";"USD";"10:00";"2023-05-03";"51.9";"51.8";"51.2"
"Interest Rate Decision";"USD";"14:00";"2023-05-03";"5.25%";"5.25%";"5.00%"
"PPI (MoM)";"EUR";"05:00";"2023-05-04";"-1.6%";"-1.7%";"-0.4%"
"PPI (YoY)";"EUR";"05:00";"2023-05-04";"5.9%";"5.9%";"13.3%"
"Interest Rate Decision";"EUR";"08:15";"2023-05-04";"3.75%";"3.75%";"3.50%"
"Exports";"USD";"08:30";"2023-05-04";"256.20B";"";"250.90B"
"Imports";"USD";"08:30";"2023-05-04";"320.40B";"";"321.50B"
"Initial Jobless Claims";"USD";"08:30";"2023-05-04";"242K";"240K";"229K"
"Retail Sales (YoY)";"EUR";"05:00";"2023-05-05";"-3.8%";"-3.1%";"-2.4%"
"Retail Sales (MoM)";"EUR";"05:00";"2023-05-05";"-1.2%";"-0.1%";"-0.2%"
"Nonfarm Payrolls";"USD";"08:30";"2023-05-05";"253K";"180K";"165K"
"Unemployment Rate";"USD";"08:30";"2023-05-05";"3.4%";"3.6%";"3.5%"
"Core CPI (MoM)";"USD";"08:30";"2023-05-10";"0.4%";"0.4%";"0.4%"
"Core CPI (YoY)";"USD";"08:30";"2023-05-10";"5.5%";"5.5%";"5.6%"
"CPI (YoY)";"USD";"08:30";"2023-05-10";"4.9%";"5.0%";"5.0%"
"CPI (MoM)";"USD";"08:30";"2023-05-10";"0.4%";"0.4%";"0.1%"
"CPI (MoM)";"USD";"11:00";"2023-05-10";"0.4%";"0.6%";"0.4%"
"Core PPI (MoM)";"USD";"08:30";"2023-05-11";"0.2%";"0.2%";"0.0%"
"Core PPI (YoY)";"USD";"08:30";"2023-05-11";"3.2%";"3.3%";"3.4%"
"Initial Jobless Claims";"USD";"08:30";"2023-05-11";"264K";"245K";"242K"
"PPI (MoM)";"USD";"08:30";"2023-05-11";"0.2%";"0.3%";"-0.4%"
"PPI (YoY)";"USD";"08:30";"2023-05-11";"2.3%";"2.4%";"2.7%"
"GDP (QoQ)";"EUR";"05:00";"2023-05-16";"0.1%";"0.1%";"0.3%"
"Retail Sales (MoM)";"USD";"08:30";"2023-05-16";"0.4%";"0.4%";"-0.5%"
"Retail Sales (MoM)";"USD";"08:30";"2023-05-16";"0.4%";"0.8%";"-0.7%"
"Retail Sales (YoY)";"USD";"08:30";"2023-05-16";"1.60%";"4.20%";"2.42%"
"Core CPI (MoM)";"EUR";"05:00";"2023-05-17";"1.0%";"1.0%";"1.3%"
"Core CPI (YoY)";"EUR";"05:00";"2023-05-17";"5.6%";"5.6%";"5.7%"
"CPI (YoY)";"EUR";"05:00";"2023-05-17";"7.0%";"7.0%";"6.9%"
"CPI (MoM)";"EUR";"05:00";"2023-05-17";"0.6%";"0.7%";"0.9%"
"Initial Jobless Claims";"USD";"08:30";"2023-05-18";"242K";"254K";"264K"
"Existing Home Sales";"USD";"10:00";"2023-05-18";"4.28M";"4.30M";"4.43M"
"Existing Home Sales (MoM)";"USD";"10:00";"2023-05-18";"-3.4%";"0.1%";"-2.6%"
"Consumer Confidence";"EUR";"10:00";"2023-05-22";"-17.4";"-17.0";"-17.5"
"GDP (QoQ)";"USD";"08:30";"2023-05-25";"1.3%";"1.1%";"2.6%"
"Initial Jobless Claims";"USD";"08:30";"2023-05-25";"229K";"250K";"225K"
"Consumer Confidence";"EUR";"05:00";"2023-05-30";"-17.4";"-17.4";"-17.5"
"Consumer Confidence";"USD";"10:00";"2023-05-30";"102.3";"99.0";"103.7"
"Core CPI (YoY)";"EUR";"05:00";"2023-06-01";"5.3%";"5.5%";"5.6%"
"Core CPI (MoM)";"EUR";"05:00";"2023-06-01";"0.2%";"0.8%";"1.0%"
"CPI (MoM)";"EUR";"05:00";"2023-06-01";"0.0%";"0.6%";"0.6%"
"CPI (YoY)";"EUR";"05:00";"2023-06-01";"6.1%";"6.3%";"7.0%"
"Unemployment Rate";"EUR";"05:00";"2023-06-01";"6.5%";"6.5%";"6.6%"
"Initial Jobless Claims";"USD";"08:30";"2023-06-01";"232K";"235K";"230K"
"ISM Manufacturing PMI";"USD";"10:00";"2023-06-01";"46.9";"47.0";"47.1"
"Nonfarm Payrolls";"USD";"08:30";"2023-06-02";"339K";"180K";"294K"
"Unemployment Rate";"USD";"08:30";"2023-06-02";"3.7%";"3.5%";"3.4%"
"PPI (MoM)";"EUR";"05:00";"2023-06-05";"-3.2%";"-3.1%";"-1.3%"
"PPI (YoY)";"EUR";"05:00";"2023-06-05";"1.0%";"1.4%";"5.5%"
"ISM Non-Manufacturing PMI";"USD";"10:00";"2023-06-05";"50.3";"52.2";"51.9"
"Retail Sales (YoY)";"EUR";"05:00";"2023-06-06";"-2.6%";"-3.0%";"-3.3%"
"Retail Sales (MoM)";"EUR";"05:00";"2023-06-06";"0.0%";"0.2%";"-0.4%"
"Exports";"USD";"08:30";"2023-06-07";"249.00B";"";"258.20B"
"Imports";"USD";"08:30";"2023-06-07";"323.60B";"";"318.80B"
"GDP (QoQ)";"EUR";"05:00";"2023-06-08";"-0.1%";"0.0%";"-0.1%"
"Initial Jobless Claims";"USD";"08:30";"2023-06-08";"261K";"235K";"233K"
"Core CPI (YoY)";"USD";"08:30";"2023-06-13";"5.3%";"5.3%";"5.5%"
"Core CPI (MoM)";"USD";"08:30";"2023-06-13";"0.4%";"0.4%";"0.4%"
"CPI (MoM)";"USD";"08:30";"2023-06-13";"0.1%";"0.2%";"0.4%"
"CPI (YoY)";"USD";"08:30";"2023-06-13";"4.0%";"4.1%";"4.9%"
"CPI (MoM)";"USD";"11:00";"2023-06-13";"0.4%";"0.5%";"0.4%"
"Core PPI (MoM)";"USD";"08:30";"2023-06-14";"0.2%";"0.2%";"0.2%"
"Core PPI (YoY)";"USD";"08:30";"2023-06-14";"2.8%";"2.9%";"3.1%"
"PPI (YoY)";"USD";"08:30";"2023-06-14";"1.1%";"1.5%";"2.3%"
"PPI (MoM)";"USD";"08:30";"2023-06-14";"-0.3%";"-0.1%";"0.2%"
"Interest Rate Decision";"USD";"14:00";"2023-06-14";"5.25%";"5.25%";"5.25%"
"Interest Rate Decision";"EUR";"08:15";"2023-06-15";"4.00%";"4.00%";"3.75%"
"Retail Sales (MoM)";"USD";"08:30";"2023-06-15";"0.1%";"0.1%";"0.4%"
"Initial Jobless Claims";"USD";"08:30";"2023-06-15";"262K";"250K";"262K"
"Retail Sales (MoM)";"USD";"08:30";"2023-06-15";"0.3%";"-0.1%";"0.4%"
"Retail Sales (YoY)";"USD";"08:30";"2023-06-15";"1.61%";"";"1.23%"
"Core CPI (MoM)";"EUR";"05:00";"2023-06-16";"0.2%";"0.2%";"1.0%"
"Core CPI (YoY)";"EUR";"05:00";"2023-06-16";"5.3%";"5.3%";"5.6%"
"CPI (MoM)";"EUR";"05:00";"2023-06-16";"0.0%";"0.0%";"0.6%"
"CPI (YoY)";"EUR";"05:00";"2023-06-16";"6.1%";"6.1%";"7.0%"
"Initial Jobless Claims";"USD";"08:30";"2023-06-22";"264K";"260K";"264K"
"Existing Home Sales";"USD";"10:00";"2023-06-22";"4.30M";"4.25M";"4.29M"
"Existing Home Sales (MoM)";"USD";"10:00";"2023-06-22";"0.2%";"";"-3.2%"
"Consumer Confidence";"EUR";"10:00";"2023-06-22";"-16.1";"-17.0";"-17.4"
"Consumer Confidence";"USD";"10:00";"2023-06-27";"109.7";"104.0";"102.5"
"Consumer Confidence";"EUR";"05:00";"2023-06-29";"-16.1";"-16.1";"-17.4"
"GDP (QoQ)";"USD";"08:30";"2023-06-29";"2.0%";"1.4%";"2.6%"
"Initial Jobless Claims";"USD";"08:30";"2023-06-29";"239K";"266K";"265K"
"Core CPI (YoY)";"EUR";"05:00";"2023-06-30";"5.4%";"5.5%";"5.3%"
"Core CPI (MoM)";"EUR";"05:00";"2023-06-30";"0.3%";"0.7%";"0.2%"
"CPI (MoM)";"EUR";"05:00";"2023-06-30";"0.3%";"0.0%";"0.0%"
"CPI (YoY)";"EUR";"05:00";"2023-06-30";"5.5%";"5.6%";"6.1%"
"Unemployment Rate";"EUR";"05:00";"2023-06-30";"6.5%";"6.5%";"6.5%"
"ISM Manufacturing PMI";"USD";"10:00";"2023-07-03";"46.0";"47.2";"46.9"
"PPI (MoM)";"EUR";"05:00";"2023-07-05";"-1.9%";"-1.8%";"-3.2%"
"PPI (YoY)";"EUR";"05:00";"2023-07-05";"-1.5%";"-1.3%";"0.9%"
"Retail Sales (MoM)";"EUR";"05:00";"2023-07-06";"0.0%";"0.2%";"0.0%"
"Retail Sales (YoY)";"EUR";"05:00";"2023-07-06";"-2.9%";"-2.7%";"-2.9%"
"Exports";"USD";"08:30";"2023-07-06";"247.10B";"";"249.20B"
"Imports";"USD";"08:30";"2023-07-06";"316.10B";"";"323.60B"
"Initial Jobless Claims";"USD";"08:30";"2023-07-06";"248K";"245K";"236K"
"ISM Non-Manufacturing PMI";"USD";"10:00";"2023-07-06";"53.9";"51.0";"50.3"
"Nonfarm Payrolls";"USD";"08:30";"2023-07-07";"209K";"225K";"306K"
"Unemployment Rate";"USD";"08:30";"2023-07-07";"3.6%";"3.6%";"3.7%"
